date,DC
1/1/2012,19
1/2/2012,11
1/3/2012,18
1/4/2012,24
1/5/2012,20
1/6/2012,24
1/7/2012,6
1/8/2012,6
1/9/2012,12
1/10/2012,14
1/11/2012,18
1/12/2012,17
1/13/2012,16
1/14/2012,13
1/15/2012,31
1/16/2012,9
1/17/2012,24
1/18/2012,12
1/19/2012,11
1/20/2012,6
1/21/2012,10
1/22/2012,12
1/23/2012,24
1/24/2012,9
1/25/2012,22
1/26/2012,11
1/27/2012,17
1/28/2012,11
1/29/2012,5
1/30/2012,26
1/31/2012,20
2/1/2012,9
2/2/2012,29
2/3/2012,7
2/4/2012,5
2/5/2012,7
2/6/2012,33
2/7/2012,8
2/8/2012,10
2/9/2012,19
2/10/2012,13
2/11/2012,9
2/12/2012,5
2/13/2012,22
2/14/2012,10
2/15/2012,14
2/16/2012,16
2/17/2012,6
2/18/2012,3
2/19/2012,17
2/20/2012,26
2/21/2012,10
2/22/2012,18
2/23/2012,12
2/24/2012,8
2/25/2012,6
2/26/2012,6
2/27/2012,12
2/28/2012,17
2/29/2012,12
3/1/2012,13
3/2/2012,7
3/3/2012,5
3/4/2012,9
3/5/2012,29
3/6/2012,19
3/7/2012,40
3/8/2012,34
3/9/2012,11
3/10/2012,13
3/11/2012,8
3/12/2012,20
3/13/2012,9
3/14/2012,13
3/15/2012,11
3/16/2012,14
3/17/2012,4
3/18/2012,8
3/19/2012,3
3/20/2012,10
3/21/2012,10
3/22/2012,13
3/23/2012,7
3/24/2012,14
3/25/2012,4
3/26/2012,18
3/27/2012,6
3/28/2012,12
3/29/2012,17
3/30/2012,4
3/31/2012,6
4/1/2012,5
4/2/2012,8
4/3/2012,8
4/4/2012,16
4/5/2012,8
4/6/2012,23
4/7/2012,1
4/8/2012,8
4/9/2012,13
4/10/2012,12
4/11/2012,21
4/12/2012,6
4/13/2012,17
4/14/2012,8
4/15/2012,6
4/16/2012,17
4/17/2012,11
4/18/2012,21
4/19/2012,16
4/20/2012,15
4/21/2012,10
4/22/2012,9
4/23/2012,11
4/24/2012,12
4/25/2012,13
4/26/2012,13
4/27/2012,8
4/28/2012,7
4/29/2012,7
4/30/2012,12
5/1/2012,10
5/2/2012,9
5/3/2012,6
5/4/2012,8
5/5/2012,10
5/6/2012,8
5/7/2012,27
5/8/2012,8
5/9/2012,9
5/10/2012,12
5/11/2012,9
5/12/2012,9
5/13/2012,4
5/14/2012,13
5/15/2012,10
5/16/2012,10
5/17/2012,13
5/18/2012,25
5/19/2012,8
5/20/2012,10
5/21/2012,23
5/22/2012,24
5/23/2012,8
5/24/2012,5
5/25/2012,20
5/26/2012,8
5/27/2012,3
5/28/2012,10
5/29/2012,6
5/30/2012,3
5/31/2012,16
6/1/2012,8
6/2/2012,5
6/3/2012,11
6/4/2012,7
6/5/2012,12
6/6/2012,4
6/7/2012,13
6/8/2012,4
6/9/2012,2
6/10/2012,2
6/11/2012,4
6/12/2012,6
6/13/2012,4
6/14/2012,8
6/15/2012,1
6/17/2012,4
6/18/2012,5
6/19/2012,5
6/20/2012,6
6/21/2012,4
6/22/2012,7
6/23/2012,4
6/24/2012,1
6/25/2012,10
6/26/2012,17
6/27/2012,7
6/28/2012,2
6/29/2012,8
6/30/2012,4
7/1/2012,4
7/2/2012,10
7/4/2012,4
7/5/2012,6
7/6/2012,4
7/7/2012,4
7/16/2012,13
7/17/2012,7
7/18/2012,3
7/19/2012,9
7/20/2012,3
7/21/2012,4
7/22/2012,5
7/23/2012,1
7/24/2012,12
7/25/2012,6
7/27/2012,8
7/28/2012,3
7/29/2012,1
7/30/2012,2
7/31/2012,6
8/1/2012,12
8/2/2012,12
8/3/2012,8
8/4/2012,2
8/5/2012,4
8/6/2012,32
8/7/2012,31
8/8/2012,1
8/9/2012,14
8/10/2012,9
8/11/2012,2
8/12/2012,8
8/13/2012,22
8/14/2012,21
8/15/2012,11
8/16/2012,14
8/17/2012,19
8/18/2012,10
8/19/2012,9
8/20/2012,9
8/21/2012,13
8/22/2012,13
8/23/2012,13
8/24/2012,12
8/26/2012,1
8/27/2012,2
8/28/2012,11
8/29/2012,13
8/30/2012,6
8/31/2012,4
9/1/2012,4
9/2/2012,11
9/3/2012,5
9/4/2012,6
9/5/2012,12
9/6/2012,6
9/7/2012,19
9/8/2012,5
9/9/2012,3
9/10/2012,9
9/11/2012,9
9/12/2012,1
9/13/2012,8
9/14/2012,6
9/15/2012,3
9/16/2012,1
9/17/2012,17
9/18/2012,43
9/19/2012,21
9/20/2012,15
9/21/2012,3
9/22/2012,3
9/23/2012,14
9/24/2012,6
9/25/2012,13
9/26/2012,19
9/27/2012,18
9/28/2012,12
9/29/2012,14
10/1/2012,16
10/2/2012,18
10/3/2012,15
10/4/2012,13
10/5/2012,12
10/6/2012,7
10/7/2012,2
10/8/2012,8
10/9/2012,14
10/10/2012,11
10/11/2012,22
10/12/2012,26
10/13/2012,11
10/14/2012,8
10/15/2012,19
10/16/2012,18
10/17/2012,18
10/18/2012,22
10/19/2012,29
10/20/2012,3
10/21/2012,7
10/22/2012,35
10/23/2012,23
10/24/2012,18
10/25/2012,37
10/26/2012,19
10/27/2012,2
10/28/2012,6
10/29/2012,5
10/30/2012,12
10/31/2012,19
11/1/2012,15
11/2/2012,24
11/3/2012,8
11/4/2012,2
11/5/2012,15
11/6/2012,20
11/7/2012,8
11/8/2012,21
11/9/2012,21
11/10/2012,12
11/11/2012,9
11/12/2012,54
11/13/2012,23
11/14/2012,32
11/15/2012,21
11/16/2012,18
11/17/2012,11
11/18/2012,6
11/19/2012,26
11/20/2012,23
11/21/2012,33
11/22/2012,3
11/23/2012,7
11/24/2012,9
11/25/2012,19
11/26/2012,40
11/27/2012,44
11/28/2012,18
11/29/2012,17
11/30/2012,13
12/1/2012,6
12/2/2012,24
12/3/2012,51
12/4/2012,41
12/5/2012,70
12/6/2012,41
12/7/2012,31
12/8/2012,13
12/9/2012,35
12/10/2012,36
12/11/2012,44
12/12/2012,34
12/13/2012,53
12/14/2012,47
12/15/2012,33
12/16/2012,15
12/17/2012,65
12/18/2012,74
12/19/2012,49
12/20/2012,26
12/21/2012,33
12/22/2012,37
12/23/2012,20
12/24/2012,13
12/25/2012,23
12/26/2012,49
12/27/2012,59
12/28/2012,84
12/29/2012,62
12/30/2012,66
12/31/2012,71
1/1/2013,60
1/2/2013,62
1/3/2013,90
1/4/2013,128
1/5/2013,69
1/6/2013,113
1/7/2013,144
1/8/2013,210
1/9/2013,242
1/10/2013,550
1/11/2013,303
1/12/2013,114
1/13/2013,132
1/14/2013,245
1/15/2013,249
1/16/2013,187
1/17/2013,122
1/18/2013,99
1/19/2013,63
1/20/2013,73
1/21/2013,74
1/22/2013,136
1/23/2013,101
1/24/2013,74
1/25/2013,69
1/26/2013,31
1/27/2013,34
1/28/2013,65
1/29/2013,67
1/30/2013,45
1/31/2013,46
2/1/2013,50
2/2/2013,32
2/3/2013,29
2/4/2013,67
2/5/2013,49
2/6/2013,43
2/7/2013,43
2/8/2013,31
2/9/2013,9
2/10/2013,16
2/11/2013,55
2/12/2013,39
2/13/2013,34
2/14/2013,34
2/15/2013,49
2/16/2013,18
2/17/2013,24
2/18/2013,20
2/19/2013,34
2/20/2013,43
2/21/2013,41
2/22/2013,29
2/23/2013,8
2/24/2013,22
2/25/2013,39
2/26/2013,28
2/27/2013,23
2/28/2013,24
3/1/2013,14
3/2/2013,28
3/3/2013,11
3/4/2013,40
3/5/2013,30
3/6/2013,31
3/7/2013,36
3/8/2013,45
3/9/2013,19
3/10/2013,15
3/11/2013,10
3/12/2013,42
3/13/2013,46
3/14/2013,36
3/15/2013,12
3/16/2013,4
3/17/2013,16
3/18/2013,44
3/19/2013,26
3/20/2013,14
3/21/2013,18
3/22/2013,21
3/23/2013,12
3/24/2013,3
3/25/2013,30
3/26/2013,24
3/27/2013,34
3/28/2013,20
3/29/2013,20
3/30/2013,16
3/31/2013,9
4/1/2013,7
4/2/2013,28
4/3/2013,10
4/4/2013,28
4/5/2013,12
4/6/2013,11
4/7/2013,8
4/8/2013,10
4/9/2013,19
4/10/2013,21
4/11/2013,12
4/12/2013,14
4/13/2013,8
4/14/2013,2
4/15/2013,13
4/16/2013,12
4/17/2013,9
4/18/2013,12
4/19/2013,2
4/20/2013,6
4/21/2013,7
4/22/2013,12
4/23/2013,20
4/24/2013,14
4/25/2013,10
4/26/2013,5
4/27/2013,3
4/28/2013,5
4/29/2013,7
4/30/2013,18
5/1/2013,12
5/2/2013,14
5/3/2013,6
5/4/2013,5
5/5/2013,1
5/6/2013,12
5/7/2013,15
5/8/2013,8
5/9/2013,10
5/10/2013,6
5/11/2013,9
5/12/2013,11
5/14/2013,3
5/15/2013,8
5/16/2013,6
5/18/2013,6
5/19/2013,4
5/20/2013,10
5/21/2013,3
5/22/2013,21
5/23/2013,25
5/24/2013,6
5/25/2013,1
5/26/2013,8
5/27/2013,3
5/28/2013,2
5/29/2013,28
5/30/2013,6
5/31/2013,13
6/1/2013,7
6/2/2013,6
6/3/2013,6
6/4/2013,5
6/5/2013,13
6/6/2013,9
6/7/2013,5
6/8/2013,4
6/9/2013,3
6/10/2013,11
6/11/2013,2
6/12/2013,5
6/13/2013,9
6/14/2013,3
6/15/2013,3
6/16/2013,6
6/17/2013,4
6/18/2013,11
6/19/2013,12
6/20/2013,6
6/21/2013,3
6/22/2013,2
6/23/2013,2
6/24/2013,5
6/25/2013,4
6/26/2013,4
6/27/2013,8
6/28/2013,1
6/29/2013,3
6/30/2013,1
7/1/2013,4
7/2/2013,3
7/3/2013,1
7/5/2013,3
7/6/2013,3
7/7/2013,2
7/8/2013,2
7/9/2013,4
7/10/2013,9
7/11/2013,8
7/12/2013,4
7/13/2013,3
7/14/2013,3
7/15/2013,7
7/16/2013,8
7/17/2013,3
7/18/2013,8
7/20/2013,5
7/21/2013,3
7/22/2013,7
7/23/2013,3
7/24/2013,12
7/25/2013,14
7/26/2013,6
7/27/2013,6
7/28/2013,2
7/29/2013,1
7/30/2013,2
7/31/2013,6
8/1/2013,4
8/4/2013,5
8/5/2013,4
8/6/2013,8
8/7/2013,10
8/8/2013,2
8/9/2013,4
8/10/2013,5
8/11/2013,3
8/12/2013,3
8/13/2013,6
8/14/2013,5
8/15/2013,16
8/16/2013,5
8/17/2013,1
8/18/2013,3
8/19/2013,15
8/20/2013,12
8/21/2013,10
8/22/2013,1
8/23/2013,12
8/24/2013,1
8/25/2013,3
8/26/2013,7
8/27/2013,13
8/28/2013,8
8/29/2013,5
8/30/2013,2
8/31/2013,4
9/2/2013,2
9/3/2013,11
9/4/2013,12
9/5/2013,8
9/6/2013,9
9/7/2013,1
9/8/2013,1
9/9/2013,8
9/10/2013,10
9/11/2013,12
9/12/2013,24
9/13/2013,8
9/14/2013,1
9/15/2013,3
9/16/2013,25
9/17/2013,16
9/18/2013,8
9/19/2013,19
9/20/2013,6
9/21/2013,9
9/22/2013,17
9/23/2013,19
9/24/2013,7
9/25/2013,23
9/26/2013,20
9/27/2013,12
9/28/2013,3
10/13/2013,9
10/14/2013,10
10/15/2013,21
10/16/2013,12
10/17/2013,10
10/18/2013,11
10/19/2013,9
10/20/2013,8
10/21/2013,18
10/22/2013,17
10/23/2013,14
10/24/2013,11
10/25/2013,18
10/26/2013,8
10/27/2013,11
10/28/2013,28
10/29/2013,26
10/30/2013,15
10/31/2013,29
11/1/2013,16
11/2/2013,9
11/3/2013,6
11/4/2013,19
11/5/2013,16
11/6/2013,18
11/7/2013,34
11/8/2013,7
11/9/2013,9
11/10/2013,20
11/11/2013,45
11/12/2013,22
11/13/2013,16
11/14/2013,15
11/15/2013,24
11/16/2013,9
11/17/2013,8
11/18/2013,34
11/19/2013,32
11/20/2013,22
11/21/2013,11
11/22/2013,15
11/23/2013,20
11/24/2013,15
11/25/2013,31
11/26/2013,28
11/27/2013,16
11/28/2013,8
11/29/2013,9
11/30/2013,6
12/9/2013,11
12/10/2013,4
12/11/2013,12
12/12/2013,5
12/13/2013,2
12/16/2013,13
12/17/2013,11
12/18/2013,6
12/19/2013,11
12/20/2013,5
12/21/2013,4
12/23/2013,12
12/24/2013,7
12/25/2013,1
12/26/2013,10
12/27/2013,13
12/28/2013,3
12/29/2013,2
12/30/2013,26
12/31/2013,8
1/1/2014,2
1/2/2014,21
1/3/2014,24
1/4/2014,22
1/5/2014,23
1/6/2014,44
1/7/2014,21
1/8/2014,14
1/9/2014,27
1/10/2014,34
1/11/2014,15
1/12/2014,18
1/13/2014,46
1/14/2014,27
1/15/2014,26
1/16/2014,31
1/17/2014,29
1/18/2014,3
1/19/2014,9
1/20/2014,20
1/21/2014,45
1/22/2014,20
1/23/2014,42
1/24/2014,10
1/25/2014,2
1/26/2014,21
1/27/2014,26
1/28/2014,16
1/29/2014,34
1/30/2014,15
1/31/2014,11
2/2/2014,4
2/3/2014,14
2/4/2014,17
2/5/2014,14
2/6/2014,23
2/7/2014,23
2/8/2014,1
2/9/2014,8
2/10/2014,26
2/11/2014,21
2/12/2014,21
2/13/2014,7
2/14/2014,4
2/15/2014,3
2/17/2014,3
2/18/2014,10
2/19/2014,11
2/20/2014,11
2/21/2014,27
2/23/2014,5
2/24/2014,13
2/25/2014,23
2/26/2014,3
2/27/2014,16
2/28/2014,12
3/1/2014,3
3/2/2014,4
3/3/2014,10
3/4/2014,5
3/6/2014,13
3/7/2014,6
3/8/2014,5
3/9/2014,2
3/10/2014,13
3/11/2014,10
3/12/2014,7
3/13/2014,1
3/14/2014,4
3/15/2014,7
3/16/2014,2
3/17/2014,13
3/18/2014,13
3/19/2014,22
3/20/2014,2
3/21/2014,6
3/22/2014,2
3/24/2014,9
3/25/2014,7
3/26/2014,8
3/27/2014,11
3/28/2014,3
3/31/2014,3
4/1/2014,13
4/2/2014,4
4/3/2014,8
4/4/2014,10
4/6/2014,4
4/7/2014,6
4/9/2014,16
4/10/2014,7
4/12/2014,4
4/14/2014,18
4/15/2014,9
4/16/2014,5
4/17/2014,2
4/18/2014,4
4/20/2014,1
4/21/2014,19
4/22/2014,13
4/23/2014,6
4/24/2014,13
4/25/2014,3
4/26/2014,2
4/27/2014,6
4/28/2014,20
4/29/2014,8
4/30/2014,18
5/1/2014,6
5/2/2014,2
5/3/2014,5
5/4/2014,2
5/5/2014,4
5/6/2014,1
5/8/2014,3
5/9/2014,2
5/10/2014,9
5/11/2014,6
5/13/2014,7
5/14/2014,6
5/15/2014,2
5/16/2014,3
5/18/2014,1
5/19/2014,5
5/21/2014,2
5/22/2014,1
5/23/2014,4
5/27/2014,2
5/28/2014,1
5/29/2014,2
5/30/2014,2
6/2/2014,5
6/4/2014,1
6/6/2014,3
6/16/2014,8
6/17/2014,5
6/18/2014,5
6/19/2014,2
6/22/2014,2
6/23/2014,2
6/26/2014,2
6/27/2014,4
6/28/2014,1
7/14/2014,6
7/15/2014,2
7/16/2014,7
7/17/2014,2
7/18/2014,4
7/21/2014,8
7/22/2014,3
7/24/2014,3
7/26/2014,1
8/4/2014,4
8/6/2014,7
8/7/2014,3
8/8/2014,6
8/11/2014,2
8/12/2014,4
8/13/2014,2
8/14/2014,2
8/18/2014,4
8/19/2014,3
8/20/2014,2
8/22/2014,9
8/23/2014,2
8/24/2014,2
8/25/2014,4
8/26/2014,3
8/29/2014,2
8/31/2014,2
9/2/2014,2
9/3/2014,4
9/4/2014,8
9/7/2014,4
9/9/2014,4
9/10/2014,1
9/11/2014,4
9/12/2014,1
9/13/2014,1
9/15/2014,2
9/16/2014,14
9/17/2014,2
9/18/2014,9
9/19/2014,3
9/22/2014,7
9/23/2014,8
9/24/2014,24
9/25/2014,7
9/26/2014,7
9/27/2014,10
9/28/2014,1
9/29/2014,16
9/30/2014,8
10/1/2014,11
10/2/2014,7
10/3/2014,14
10/4/2014,12
10/5/2014,8
10/6/2014,16
10/7/2014,3
10/8/2014,15
10/9/2014,16
10/10/2014,8
10/11/2014,1
10/19/2014,17
10/20/2014,12
10/21/2014,18
10/22/2014,8
10/23/2014,13
10/24/2014,7
10/26/2014,4
10/27/2014,9
10/28/2014,8
10/29/2014,11
10/30/2014,10
10/31/2014,8
11/1/2014,2
11/2/2014,5
11/3/2014,11
11/4/2014,1
11/5/2014,4
11/6/2014,5
11/7/2014,6
11/8/2014,1
11/10/2014,10
11/11/2014,4
11/12/2014,14
11/13/2014,12
11/14/2014,4
11/15/2014,2
11/16/2014,4
11/17/2014,9
11/18/2014,7
11/19/2014,12
11/20/2014,14
11/21/2014,5
11/22/2014,3
11/23/2014,15
11/24/2014,17
11/25/2014,26
11/26/2014,4
11/27/2014,1
11/28/2014,4
11/29/2014,2
12/1/2014,5
12/2/2014,8
12/3/2014,14
12/4/2014,27
12/5/2014,21
12/6/2014,3
12/7/2014,14
12/8/2014,29
12/9/2014,22
12/10/2014,38
12/11/2014,19
12/12/2014,16
12/13/2014,20
12/14/2014,9
12/15/2014,41
12/16/2014,28
12/17/2014,30
12/18/2014,38
12/19/2014,27
12/20/2014,21
12/21/2014,8
12/22/2014,99
12/23/2014,335
12/24/2014,37
12/25/2014,8
12/26/2014,30
12/27/2014,12
12/28/2014,33
12/29/2014,44
12/30/2014,110
12/31/2014,93
1/1/2015,24
1/2/2015,59
1/3/2015,24
1/4/2015,38
1/5/2015,216
1/6/2015,93
1/7/2015,58
1/8/2015,47
1/9/2015,64
1/10/2015,12
1/11/2015,41
1/12/2015,107
1/13/2015,72
1/14/2015,49
1/15/2015,44
1/16/2015,67
1/17/2015,56
1/18/2015,11
1/19/2015,26
1/20/2015,35
1/21/2015,67
1/22/2015,48
1/23/2015,38
1/24/2015,29
1/25/2015,11
1/26/2015,36
1/27/2015,29
1/28/2015,51
1/29/2015,6
1/30/2015,22
1/31/2015,17
2/1/2015,20
2/2/2015,43
2/3/2015,63
2/4/2015,41
2/5/2015,52
2/6/2015,11
2/7/2015,9
2/8/2015,15
2/9/2015,34
2/10/2015,37
2/11/2015,23
2/12/2015,13
2/13/2015,7
2/14/2015,16
2/15/2015,3
2/16/2015,9
2/17/2015,1
2/18/2015,25
2/19/2015,19
2/20/2015,11
2/21/2015,2
2/22/2015,20
2/23/2015,16
2/24/2015,23
2/25/2015,8
2/26/2015,8
2/28/2015,6
3/1/2015,3
3/2/2015,16
3/3/2015,16
3/4/2015,4
3/5/2015,4
3/6/2015,12
3/8/2015,1
3/9/2015,12
3/10/2015,16
3/11/2015,11
3/12/2015,20
3/13/2015,12
3/14/2015,4
3/22/2015,6
3/23/2015,10
3/24/2015,6
3/25/2015,37
3/26/2015,1
3/27/2015,10
3/28/2015,1
3/29/2015,2
3/30/2015,4
3/31/2015,14
4/1/2015,12
4/2/2015,3
4/6/2015,15
4/7/2015,19
4/8/2015,3
4/9/2015,28
4/11/2015,1
4/13/2015,9
4/14/2015,6
4/15/2015,8
4/16/2015,2
4/19/2015,1
4/20/2015,18
4/21/2015,15
4/22/2015,8
4/23/2015,24
4/24/2015,5
4/26/2015,5
4/27/2015,20
4/28/2015,7
4/29/2015,3
4/30/2015,1
5/1/2015,12
5/2/2015,2
5/5/2015,24
5/6/2015,7
5/7/2015,30
5/8/2015,16
5/9/2015,2
5/11/2015,3
5/12/2015,2
5/13/2015,13
5/14/2015,3
5/15/2015,8
5/17/2015,1
5/18/2015,8
5/19/2015,2
5/20/2015,2
5/21/2015,1
5/22/2015,2
5/23/2015,2
5/24/2015,1
5/25/2015,4
5/26/2015,4
5/27/2015,3
5/28/2015,2
5/29/2015,13
5/30/2015,4
5/31/2015,1
6/2/2015,4
6/3/2015,2
6/4/2015,4
6/5/2015,2
6/6/2015,2
6/8/2015,1
6/9/2015,1
6/10/2015,6
6/11/2015,9
6/13/2015,2
6/15/2015,9
6/16/2015,1
6/17/2015,2
6/18/2015,10
6/22/2015,2
6/23/2015,8
6/24/2015,1
6/25/2015,1
6/26/2015,1
6/30/2015,2
7/1/2015,1
7/2/2015,6
7/4/2015,1
7/5/2015,12
7/6/2015,2
7/7/2015,5
7/8/2015,5
7/9/2015,1
7/13/2015,7
7/14/2015,3
7/15/2015,2
7/16/2015,4
7/17/2015,5
7/18/2015,6
7/19/2015,2
7/20/2015,2
7/21/2015,13
7/23/2015,2
7/26/2015,1
7/27/2015,2
7/28/2015,15
7/29/2015,2
7/30/2015,3
7/31/2015,7
8/3/2015,1
8/4/2015,4
8/5/2015,12
8/7/2015,4
8/8/2015,1
8/9/2015,3
8/13/2015,9
8/14/2015,2
8/16/2015,1
8/19/2015,1
8/21/2015,4
8/24/2015,1
8/25/2015,12
8/26/2015,3
8/27/2015,1
8/29/2015,1
8/30/2015,6
8/31/2015,5
9/2/2015,5
9/3/2015,4
9/4/2015,1
9/5/2015,1
9/6/2015,1
9/8/2015,2
9/9/2015,6
9/10/2015,2
9/11/2015,5
9/13/2015,7
9/14/2015,8
9/15/2015,6
9/16/2015,9
9/17/2015,2
9/18/2015,21
9/21/2015,10
9/22/2015,2
9/23/2015,3
9/24/2015,1
9/25/2015,23
9/27/2015,1
9/28/2015,25
9/29/2015,6
9/30/2015,6
10/1/2015,13
10/2/2015,4
10/3/2015,5
10/4/2015,2
10/5/2015,4
10/6/2015,10
10/7/2015,14
10/8/2015,5
10/9/2015,1
10/10/2015,2
10/11/2015,8
10/12/2015,7
10/13/2015,22
10/14/2015,17
10/15/2015,4
10/16/2015,21
10/17/2015,3
10/18/2015,1
10/19/2015,17
10/20/2015,7
10/21/2015,3
10/22/2015,19
10/23/2015,5
10/24/2015,2
10/26/2015,5
10/27/2015,6
10/28/2015,22
10/29/2015,12
10/30/2015,21
11/1/2015,13
11/2/2015,6
11/3/2015,10
11/5/2015,3
11/6/2015,1
11/8/2015,7
11/9/2015,10
11/10/2015,9
11/12/2015,29
11/13/2015,21
11/14/2015,5
11/15/2015,2
11/16/2015,4
11/17/2015,17
11/18/2015,17
11/19/2015,3
11/20/2015,5
11/23/2015,2
11/24/2015,16
11/25/2015,2
11/26/2015,1
11/27/2015,3
11/28/2015,1
11/29/2015,6
11/30/2015,27
12/1/2015,19
12/2/2015,12
12/3/2015,20
12/4/2015,24
12/5/2015,2
12/7/2015,26
12/8/2015,24
12/9/2015,15
12/10/2015,7
12/11/2015,10
12/12/2015,7
12/14/2015,10
12/15/2015,13
12/16/2015,7
12/17/2015,12
12/18/2015,31
12/19/2015,2
12/21/2015,6
12/22/2015,13
12/23/2015,8
12/24/2015,14
12/26/2015,1
12/27/2015,8
12/28/2015,26
12/29/2015,18
12/30/2015,23
12/31/2015,3
1/1/2016,12
1/4/2016,28
1/5/2016,21
1/6/2016,17
1/7/2016,6
1/8/2016,4
1/11/2016,10
1/12/2016,14
1/13/2016,8
1/14/2016,18
1/15/2016,5
1/17/2016,4
1/18/2016,1
1/19/2016,4
1/20/2016,24
1/21/2016,10
1/22/2016,1
1/24/2016,3
1/26/2016,3
1/27/2016,9
1/28/2016,1
1/29/2016,2
1/30/2016,3
1/31/2016,2
2/1/2016,5
2/2/2016,10
2/3/2016,4
2/4/2016,6
2/5/2016,3
2/7/2016,10
2/8/2016,7
2/9/2016,4
2/10/2016,3
2/11/2016,6
2/12/2016,15
2/14/2016,8
2/15/2016,3
2/16/2016,33
2/17/2016,13
2/18/2016,16
2/19/2016,3
2/22/2016,17
2/23/2016,8
2/24/2016,13
2/25/2016,26
2/26/2016,10
2/28/2016,3
2/29/2016,8
3/1/2016,14
3/2/2016,16
3/3/2016,10
3/4/2016,10
3/5/2016,2
3/6/2016,1
3/7/2016,27
3/8/2016,18
3/9/2016,38
3/10/2016,11
3/11/2016,10
3/12/2016,12
3/13/2016,4
3/14/2016,11
3/15/2016,16
3/16/2016,12
3/17/2016,10
3/18/2016,13
3/19/2016,5
3/20/2016,4
3/21/2016,5
3/22/2016,6
3/23/2016,15
3/24/2016,4
3/25/2016,5
3/26/2016,3
3/28/2016,18
3/29/2016,11
3/30/2016,2
3/31/2016,4
4/1/2016,6
4/3/2016,5
4/4/2016,13
4/5/2016,7
4/6/2016,6
4/7/2016,3
4/8/2016,6
4/9/2016,3
4/10/2016,3
4/11/2016,2
4/12/2016,4
4/14/2016,7
4/15/2016,4
4/16/2016,1
4/17/2016,1
4/18/2016,7
4/19/2016,7
4/20/2016,11
4/21/2016,14
4/22/2016,5
4/25/2016,6
4/26/2016,10
4/27/2016,5
4/28/2016,4
4/29/2016,4
5/1/2016,3
5/2/2016,6
5/3/2016,5
5/4/2016,4
5/5/2016,3
5/6/2016,7
5/9/2016,8
5/10/2016,11
5/11/2016,3
5/12/2016,9
5/13/2016,4
5/16/2016,10
5/18/2016,13
5/20/2016,5
5/21/2016,2
5/23/2016,8
5/24/2016,2
5/25/2016,6
5/26/2016,11
5/27/2016,3
5/30/2016,1
5/31/2016,2
6/1/2016,2
6/2/2016,11
6/3/2016,5
6/6/2016,1
6/7/2016,3
6/8/2016,6
6/9/2016,3
6/10/2016,2
6/11/2016,1
6/12/2016,4
6/13/2016,3
6/14/2016,2
6/15/2016,15
6/20/2016,2
6/22/2016,2
6/23/2016,1
6/27/2016,1
6/28/2016,4
7/1/2016,1
7/6/2016,4
7/8/2016,6
7/12/2016,5
7/13/2016,2
7/14/2016,4
7/15/2016,1
7/18/2016,9
7/20/2016,3
7/21/2016,4
7/22/2016,2
7/23/2016,1
7/24/2016,1
7/25/2016,2
7/26/2016,4
7/27/2016,3
7/28/2016,2
7/29/2016,6
7/30/2016,3
8/1/2016,2
8/2/2016,5
8/3/2016,6
8/4/2016,7
8/5/2016,1
8/7/2016,1
8/8/2016,2
8/9/2016,3
8/10/2016,2
8/12/2016,4
8/14/2016,2
8/15/2016,4
8/16/2016,3
8/17/2016,5
8/18/2016,2
8/19/2016,5
8/20/2016,2
8/21/2016,1
8/23/2016,9
8/24/2016,10
8/25/2016,7
8/26/2016,5
8/27/2016,1
8/29/2016,5
8/30/2016,6
8/31/2016,7
9/1/2016,8
9/2/2016,3
9/6/2016,7
9/7/2016,8
9/8/2016,8
9/9/2016,5
9/12/2016,6
9/13/2016,6
9/14/2016,5
9/15/2016,11
9/16/2016,7
9/17/2016,2
9/18/2016,2
9/19/2016,13
9/20/2016,3
9/21/2016,2
9/22/2016,7
9/23/2016,7
9/24/2016,1
9/26/2016,16
9/27/2016,10
9/28/2016,6
9/29/2016,35
9/30/2016,4
10/1/2016,7
10/3/2016,5
10/4/2016,14
10/5/2016,12
10/6/2016,6
10/7/2016,3
10/9/2016,8
10/10/2016,8
10/11/2016,10
10/12/2016,12
10/13/2016,5
10/14/2016,28
10/15/2016,2
10/16/2016,1
10/17/2016,10
10/18/2016,16
10/19/2016,11
10/20/2016,7
10/21/2016,4
10/24/2016,13
10/25/2016,13
10/26/2016,8
10/27/2016,12
10/28/2016,1
10/29/2016,4
10/30/2016,1
10/31/2016,14
11/1/2016,15
11/2/2016,12
11/3/2016,18
11/4/2016,14
11/5/2016,4
11/6/2016,2
11/7/2016,6
11/8/2016,6
11/9/2016,13
11/10/2016,16
11/11/2016,3
11/13/2016,5
11/14/2016,12
11/15/2016,17
11/16/2016,6
11/17/2016,9
11/18/2016,7
11/19/2016,8
11/21/2016,9
11/22/2016,4
11/23/2016,7
11/24/2016,4
11/25/2016,4
11/26/2016,1
11/27/2016,2
11/28/2016,12
11/29/2016,5
11/30/2016,9
12/1/2016,10
12/2/2016,11
12/3/2016,3
12/5/2016,10
12/6/2016,20
12/7/2016,13
12/8/2016,5
12/9/2016,10
12/11/2016,8
12/12/2016,107
12/13/2016,27
12/14/2016,28
12/15/2016,35
12/16/2016,21
12/17/2016,10
12/18/2016,2
12/19/2016,3
12/20/2016,3
12/21/2016,11
12/22/2016,11
12/23/2016,5
12/24/2016,2
12/25/2016,4
12/26/2016,3
12/27/2016,14
12/28/2016,5
12/29/2016,9
12/30/2016,13
1/1/2017,5
1/2/2017,6
1/3/2017,4
1/4/2017,27
1/5/2017,12
1/6/2017,7
1/8/2017,2
1/9/2017,19
1/10/2017,28
1/11/2017,3
1/12/2017,9
1/13/2017,9
1/14/2017,1
1/15/2017,7
1/16/2017,1
1/17/2017,17
1/18/2017,10
1/19/2017,12
1/20/2017,5
1/21/2017,5
1/22/2017,4
1/23/2017,16
1/24/2017,13
1/25/2017,32
1/26/2017,15
1/27/2017,5
1/28/2017,6
1/29/2017,9
1/30/2017,18
1/31/2017,26
2/1/2017,24
2/2/2017,42
2/3/2017,10
2/4/2017,26
2/5/2017,6
2/6/2017,25
2/7/2017,22
2/8/2017,46
2/9/2017,22
2/10/2017,20
2/11/2017,9
2/12/2017,11
2/13/2017,27
2/14/2017,33
2/15/2017,22
2/16/2017,28
2/17/2017,26
2/18/2017,2
2/19/2017,2
2/20/2017,20
2/21/2017,49
2/22/2017,35
2/23/2017,24
2/24/2017,23
2/25/2017,15
2/26/2017,2
2/27/2017,28
2/28/2017,24
3/1/2017,12
3/2/2017,19
3/3/2017,15
3/4/2017,26
3/5/2017,1
3/6/2017,16
3/7/2017,28
3/8/2017,16
3/9/2017,21
3/10/2017,23
3/11/2017,2
3/12/2017,3
3/13/2017,26
3/14/2017,8
3/15/2017,25
3/16/2017,9
3/17/2017,13
3/18/2017,7
3/19/2017,2
3/20/2017,19
3/21/2017,26
3/22/2017,16
3/23/2017,9
3/24/2017,4
3/26/2017,6
3/27/2017,18
3/28/2017,22
3/29/2017,13
3/30/2017,19
3/31/2017,19
4/1/2017,1
4/3/2017,26
4/4/2017,18
4/5/2017,6
4/6/2017,12
4/7/2017,17
4/8/2017,2
4/10/2017,7
4/11/2017,6
4/12/2017,7
4/13/2017,4
4/14/2017,8
4/15/2017,5
4/16/2017,5
4/17/2017,13
4/18/2017,10
4/19/2017,11
4/20/2017,8
4/21/2017,8
4/23/2017,4
4/24/2017,12
4/25/2017,8
4/26/2017,6
4/27/2017,3
4/28/2017,5
4/30/2017,2
5/1/2017,6
5/2/2017,2
5/3/2017,2
5/4/2017,7
5/5/2017,4
5/8/2017,6
5/9/2017,10
5/10/2017,6
5/11/2017,9
5/12/2017,4
5/14/2017,7
5/15/2017,1
5/16/2017,2
5/17/2017,4
5/18/2017,8
5/19/2017,5
5/21/2017,1
5/22/2017,8
5/23/2017,4
5/24/2017,4
5/25/2017,3
5/26/2017,1
5/27/2017,2
5/28/2017,1
5/29/2017,4
5/30/2017,2
5/31/2017,1
6/1/2017,4
6/2/2017,6
6/3/2017,1
