date,US
1/3/2012,29.19199826
1/4/2012,28.07590078
1/5/2012,28.19192889
1/6/2012,28.17894026
1/7/2012,27.29932262
1/8/2012,27.77754898
1/9/2012,26.8840843
1/10/2012,26.75066012
1/11/2012,26.49216479
1/12/2012,26.65402765
1/13/2012,26.67443858
1/14/2012,26.42557502
1/15/2012,25.45489529
1/16/2012,24.43461204
1/17/2012,24.36094347
1/18/2012,24.66803894
1/19/2012,24.59995757
1/20/2012,24.8588905
1/21/2012,25.24173985
1/22/2012,24.81591024
1/23/2012,26.33465138
1/24/2012,26.96555522
1/25/2012,26.83695477
1/26/2012,26.7923148
1/27/2012,25.85584466
1/28/2012,25.71359182
1/29/2012,25.52773067
1/30/2012,25.81397961
1/31/2012,26.114226
2/1/2012,26.26918912
2/2/2012,26.18864421
2/3/2012,25.72829728
2/4/2012,25.15264899
2/5/2012,24.15407343
2/6/2012,25.36704546
2/7/2012,25.40368053
2/8/2012,26.57780199
2/9/2012,26.75906013
2/10/2012,26.55515029
2/11/2012,27.17305166
2/12/2012,26.87845316
2/13/2012,27.94910227
2/14/2012,28.73730804
2/15/2012,29.37257907
2/16/2012,30.08793472
2/17/2012,29.9559846
2/18/2012,29.35745592
2/19/2012,28.87070831
2/20/2012,29.21706456
2/21/2012,30.60220395
2/22/2012,30.97960753
2/23/2012,31.12962371
2/24/2012,30.07602463
2/25/2012,29.69850113
2/26/2012,29.90669854
2/27/2012,29.72488631
2/28/2012,29.70400544
2/29/2012,28.81224197
3/1/2012,28.04464195
3/2/2012,28.02178019
3/3/2012,27.62460086
3/4/2012,27.94284097
3/5/2012,29.5068114
3/6/2012,29.83885067
3/7/2012,30.57113346
3/8/2012,30.94021295
3/9/2012,30.86184881
3/10/2012,30.2987565
3/11/2012,29.83576608
3/12/2012,30.02446126
3/13/2012,30.20069313
3/14/2012,30.42664719
3/15/2012,30.63550883
3/16/2012,30.79739674
3/17/2012,29.78721793
3/18/2012,29.36844572
3/19/2012,28.53313972
3/20/2012,27.00339515
3/21/2012,26.96873957
3/22/2012,26.6045681
3/23/2012,25.54407365
3/24/2012,25.33779946
3/25/2012,25.34870405
3/26/2012,24.6889361
3/27/2012,25.39713649
3/28/2012,25.0674283
3/29/2012,24.05945547
3/30/2012,23.51541233
3/31/2012,22.20718916
4/1/2012,21.49477808
4/2/2012,22.09857041
4/3/2012,22.38298475
4/4/2012,22.99264856
4/5/2012,23.31002201
4/6/2012,23.7233001
4/7/2012,23.74011034
4/8/2012,23.86149221
4/9/2012,24.33221812
4/10/2012,24.37603059
4/11/2012,24.90860859
4/12/2012,24.37672353
4/13/2012,23.69133715
4/14/2012,23.12754316
4/15/2012,21.7147042
4/16/2012,21.38496866
4/17/2012,20.94819383
4/18/2012,20.84981057
4/19/2012,21.18548134
4/20/2012,20.88226054
4/21/2012,20.5844092
4/22/2012,20.62980646
4/23/2012,20.22958192
4/24/2012,20.01749901
4/25/2012,20.26280715
4/26/2012,19.99335529
4/27/2012,19.79042949
4/28/2012,19.21567566
4/29/2012,19.03910684
4/30/2012,18.96445625
5/1/2012,18.45508276
5/2/2012,18.79118621
5/3/2012,18.95853289
5/4/2012,19.05097323
5/5/2012,19.61056187
5/6/2012,19.47752138
5/7/2012,19.20346759
5/8/2012,18.6897845
5/9/2012,18.97824316
5/10/2012,18.79060494
5/11/2012,18.8316969
5/12/2012,18.955556
5/13/2012,19.03994655
5/14/2012,19.86595526
5/15/2012,19.78909379
5/16/2012,19.6686623
5/17/2012,19.3978855
5/18/2012,18.52820603
5/19/2012,18.32978706
5/20/2012,17.37322806
5/21/2012,16.86597997
5/22/2012,17.50723402
5/23/2012,17.71927269
5/24/2012,18.01111551
5/25/2012,17.99684024
5/26/2012,17.19299843
5/27/2012,16.73676764
5/28/2012,16.87040953
5/29/2012,16.96278524
5/30/2012,17.35007522
5/31/2012,16.14941626
6/1/2012,15.38914498
6/2/2012,14.69790655
6/3/2012,13.90008872
6/4/2012,14.63924232
6/5/2012,15.45025873
6/6/2012,15.56036249
6/7/2012,15.89804835
6/8/2012,15.61163497
6/9/2012,15.24431089
6/10/2012,15.4855381
6/11/2012,14.85154603
6/12/2012,14.91213852
6/13/2012,15.36429092
6/14/2012,15.42070587
6/15/2012,15.50607862
6/16/2012,15.32870417
6/17/2012,14.80902471
6/18/2012,13.97468332
6/19/2012,13.95779193
6/20/2012,14.13267258
6/21/2012,14.43734248
6/22/2012,15.96036552
6/23/2012,16.31298435
6/24/2012,16.64179561
6/25/2012,16.90159369
6/26/2012,15.35521063
6/27/2012,14.99741225
6/28/2012,14.80456354
6/29/2012,13.93769197
6/30/2012,13.38262483
7/1/2012,12.46915648
7/2/2012,11.95669668
7/3/2012,12.3095887
7/4/2012,12.27941627
7/5/2012,12.56627189
7/6/2012,12.24398525
7/7/2012,11.94429427
7/15/2012,11.72446725
7/16/2012,11.05624478
7/17/2012,11.12712559
7/18/2012,10.82735628
7/19/2012,10.94657032
7/20/2012,10.89292923
7/21/2012,10.68800621
7/22/2012,11.24369098
7/23/2012,11.76562149
7/24/2012,12.41003761
7/25/2012,12.84092314
7/26/2012,12.23038214
7/27/2012,11.34167742
7/28/2012,10.54398181
7/29/2012,9.896755771
7/30/2012,10.40622133
7/31/2012,11.80847795
8/1/2012,13.09697538
8/2/2012,13.88068486
8/3/2012,14.92209124
8/4/2012,15.59968606
8/5/2012,15.32490068
8/6/2012,22.98793116
8/7/2012,27.17053517
8/8/2012,26.87846426
8/9/2012,27.21280499
8/10/2012,23.46021249
8/11/2012,20.50791512
8/12/2012,20.47062743
8/13/2012,20.53060958
8/14/2012,18.67275916
8/15/2012,18.42572333
8/16/2012,18.91899829
8/17/2012,18.79211188
8/18/2012,19.34477024
8/19/2012,18.45513061
8/20/2012,18.23980373
8/21/2012,17.66782071
8/22/2012,17.62274636
8/23/2012,13.80864628
8/24/2012,13.46302884
8/25/2012,12.65478799
8/26/2012,11.93934683
8/27/2012,16.42799454
8/28/2012,16.17183841
8/29/2012,16.82424545
8/30/2012,17.89077698
8/31/2012,17.71688478
9/1/2012,18.05379014
9/2/2012,17.946083
9/3/2012,16.99998416
9/4/2012,17.70108179
9/5/2012,17.49988024
9/6/2012,17.45285472
9/7/2012,17.90688144
9/8/2012,17.45640037
9/9/2012,17.06165641
9/10/2012,17.41148831
9/11/2012,17.68872233
9/12/2012,18.27877694
9/13/2012,18.6577995
9/14/2012,18.479501
9/15/2012,18.1288734
9/16/2012,17.87580206
9/17/2012,18.75004416
9/18/2012,19.50122433
9/19/2012,20.27934823
9/20/2012,20.84421826
9/21/2012,20.6874754
9/22/2012,20.42444242
9/23/2012,19.66795267
9/24/2012,19.32847344
9/25/2012,19.86863955
9/26/2012,20.43085557
9/27/2012,20.59545473
9/28/2012,20.87900388
9/29/2012,19.9383827
9/30/2012,18.97114654
10/1/2012,20.30477452
10/2/2012,21.26449036
10/3/2012,22.43084517
10/4/2012,23.16788466
10/5/2012,23.46926866
10/6/2012,23.00053405
10/7/2012,22.42422955
10/8/2012,22.52250292
10/9/2012,22.97244604
10/10/2012,23.37486686
10/11/2012,23.60568884
10/12/2012,23.34988744
10/13/2012,22.52970282
10/14/2012,21.79011887
10/15/2012,22.60644618
10/16/2012,22.64533228
10/17/2012,23.31485092
10/18/2012,24.77715905
10/19/2012,24.99608823
10/20/2012,25.35942782
10/21/2012,24.71505324
10/22/2012,22.90424555
10/23/2012,22.22022713
10/24/2012,22.04253602
10/25/2012,20.65619909
10/26/2012,17.7554399
10/27/2012,15.77810772
10/28/2012,14.80394843
10/29/2012,15.47605442
10/30/2012,19.07991848
10/31/2012,21.32211633
11/1/2012,21.95912537
11/2/2012,22.44710894
11/3/2012,21.2758875
11/4/2012,19.89618267
11/5/2012,20.57655474
11/6/2012,20.85707441
11/7/2012,22.09497298
11/8/2012,22.63689173
11/9/2012,22.69905123
11/10/2012,22.35476751
11/11/2012,22.09191968
11/12/2012,31.63002744
11/13/2012,32.35855166
11/14/2012,32.14019011
11/15/2012,32.3483463
11/16/2012,26.32881871
11/17/2012,25.23778597
11/18/2012,25.02355624
11/19/2012,25.88851159
11/20/2012,26.91193873
11/21/2012,27.7450385
11/22/2012,27.89971848
11/23/2012,26.18296342
11/24/2012,25.09252335
11/25/2012,25.18730603
11/26/2012,26.81363527
11/27/2012,28.48731585
11/28/2012,28.74099312
11/29/2012,29.50962389
11/30/2012,30.01090835
12/1/2012,29.69084878
12/2/2012,30.26594158
12/3/2012,33.66737927
12/4/2012,38.37367309
12/5/2012,40.341851
12/6/2012,41.6739231
12/7/2012,41.47237077
12/8/2012,39.55170744
12/9/2012,38.69529027
12/10/2012,39.28784936
12/11/2012,39.40448534
12/12/2012,40.6746495
12/13/2012,40.53782627
12/14/2012,40.16139379
12/15/2012,41.61511186
12/16/2012,41.26454073
12/17/2012,43.53011986
12/18/2012,45.27161929
12/19/2012,45.48580646
12/20/2012,46.54339017
12/21/2012,47.25442273
12/22/2012,47.4402329
12/23/2012,47.59679477
12/24/2012,48.10879908
12/25/2012,46.34803516
12/26/2012,48.34610913
12/27/2012,49.67433997
12/28/2012,50.92677538
12/29/2012,52.6960309
12/30/2012,52.34724321
12/31/2012,52.72393249
1/1/2013,51.83526339
1/2/2013,52.79293119
1/3/2013,54.29747011
1/4/2013,57.20758412
1/5/2013,58.45431708
1/6/2013,60.5203029
1/7/2013,62.30067333
1/8/2013,63.03619335
1/9/2013,64.65483677
1/10/2013,72.18089187
1/11/2013,73.62223142
1/12/2013,74.34991895
1/13/2013,74.53853188
1/14/2013,66.53015047
1/15/2013,63.35081261
1/16/2013,62.0143271
1/17/2013,60.57637572
1/18/2013,59.7412471
1/19/2013,58.86360909
1/20/2013,57.4571524
1/21/2013,57.5411394
1/22/2013,55.24397742
1/23/2013,54.15041466
1/24/2013,53.56304721
1/25/2013,52.02657978
1/26/2013,50.45493435
1/27/2013,48.85869192
1/28/2013,48.39166294
1/29/2013,47.96711455
1/30/2013,47.34053105
1/31/2013,46.48510602
2/1/2013,44.51481965
2/2/2013,42.61670364
2/3/2013,41.20443842
2/4/2013,40.74035743
2/5/2013,40.49955515
2/6/2013,39.49983564
2/7/2013,38.47280635
2/8/2013,37.34536497
2/9/2013,36.72813948
2/10/2013,36.81961953
2/11/2013,37.38131875
2/12/2013,36.81013723
2/13/2013,36.62225802
2/14/2013,35.87346611
2/15/2013,35.05855785
2/16/2013,20.65891807
2/17/2013,18.89191983
2/18/2013,18.77454351
2/19/2013,19.18156688
2/20/2013,33.22758786
2/21/2013,33.63725269
2/22/2013,32.72555194
2/23/2013,32.2048081
2/24/2013,31.00533462
2/25/2013,17.61494123
2/26/2013,17.90214802
2/27/2013,18.91439929
2/28/2013,19.17234347
3/1/2013,29.0060518
3/2/2013,28.34522591
3/3/2013,27.6424279
3/4/2013,28.9112219
3/5/2013,29.0208337
3/6/2013,29.2332515
3/7/2013,22.99679696
3/8/2013,22.64154005
3/9/2013,21.16991541
3/10/2013,20.28804763
3/11/2013,27.52999185
3/12/2013,22.24969807
3/13/2013,23.46621751
3/14/2013,24.38124098
3/15/2013,23.94282325
3/16/2013,28.69986892
3/17/2013,27.65490296
3/18/2013,26.98493103
3/19/2013,26.68678565
3/20/2013,26.52553993
3/21/2013,27.32612981
3/22/2013,27.05976126
3/23/2013,26.57626604
3/24/2013,26.35007157
3/25/2013,26.2488952
3/26/2013,26.38025414
3/27/2013,26.0712104
3/28/2013,25.91218143
3/29/2013,25.190564
3/30/2013,24.50296091
3/31/2013,24.13418628
4/1/2013,24.32721117
4/2/2013,24.29244016
4/3/2013,24.11062764
4/4/2013,24.28649695
4/5/2013,23.64786252
4/6/2013,23.51027906
4/7/2013,23.65311943
4/8/2013,22.57462772
4/9/2013,22.18976132
4/10/2013,21.6121908
4/11/2013,20.39996301
4/12/2013,20.24784663
4/13/2013,19.92784696
4/14/2013,19.95047925
4/15/2013,20.26831139
4/16/2013,19.44207414
4/17/2013,18.8695388
4/18/2013,18.17470667
4/19/2013,17.74587684
4/20/2013,17.53537335
4/21/2013,17.66386761
4/22/2013,17.23095289
4/23/2013,17.34529824
4/24/2013,17.95587587
4/25/2013,18.52057275
4/26/2013,18.58720988
4/27/2013,18.44641398
4/28/2013,17.6732322
4/29/2013,16.40705665
4/30/2013,16.59002224
5/1/2013,16.35499604
5/2/2013,16.09952051
5/3/2013,15.49972318
5/4/2013,15.18678459
5/5/2013,15.18048898
5/6/2013,15.17378585
5/7/2013,15.25866286
5/8/2013,15.02802372
5/9/2013,15.23914702
5/10/2013,15.19624016
5/11/2013,15.21006707
5/12/2013,15.31307322
5/13/2013,14.75695573
5/14/2013,14.8589568
5/15/2013,14.57732422
5/16/2013,14.40735799
5/17/2013,14.17368435
5/18/2013,13.71639073
5/19/2013,13.92968193
5/20/2013,14.21077379
5/21/2013,14.812394
5/22/2013,15.27086951
5/23/2013,15.22617067
5/24/2013,14.69179062
5/25/2013,14.11966793
5/26/2013,13.55573818
5/27/2013,12.95658924
5/28/2013,14.10249993
5/29/2013,14.21903899
5/30/2013,14.24007368
5/31/2013,13.94197178
6/1/2013,13.21345025
6/2/2013,12.80767678
6/3/2013,13.02292807
6/4/2013,13.31978437
6/5/2013,13.8945144
6/6/2013,14.01888079
6/7/2013,13.52377969
6/8/2013,13.30602767
6/9/2013,12.53058748
6/10/2013,12.49643368
6/11/2013,12.20482486
6/12/2013,12.38551547
6/13/2013,12.09657491
6/14/2013,11.39800656
6/15/2013,11.04391352
6/16/2013,11.14725673
6/17/2013,11.72788411
6/18/2013,12.54227531
6/19/2013,12.71227561
6/20/2013,12.49922261
6/21/2013,12.22534522
6/22/2013,11.61507977
6/23/2013,11.28090008
6/24/2013,10.69980784
6/25/2013,10.39930937
6/26/2013,10.05450266
6/27/2013,10.22563333
6/28/2013,10.38580922
6/29/2013,9.887186825
6/30/2013,9.775151568
7/1/2013,9.787309803
7/2/2013,9.833294358
7/3/2013,10.15362418
7/4/2013,9.790232317
7/5/2013,9.474963373
7/6/2013,8.920204204
7/7/2013,9.199357762
7/8/2013,10.09117934
7/9/2013,10.20525228
7/10/2013,10.48604949
7/11/2013,9.94821404
7/12/2013,10.03400524
7/13/2013,9.573691013
7/14/2013,9.356189559
7/15/2013,9.378894514
7/16/2013,9.665021835
7/17/2013,9.859898269
7/18/2013,10.1731603
7/19/2013,10.14778317
7/20/2013,9.567047458
7/21/2013,9.32337721
7/22/2013,9.333327793
7/23/2013,9.165747128
7/24/2013,11.50076951
7/25/2013,14.45253394
7/26/2013,14.81530613
7/27/2013,15.09622902
7/28/2013,13.8559252
7/29/2013,10.58090531
7/30/2013,10.06272094
7/31/2013,10.20447667
8/1/2013,10.16789902
8/2/2013,10.04813669
8/3/2013,9.77940138
8/4/2013,9.69694375
8/5/2013,10.13535265
8/6/2013,10.45515522
8/7/2013,11.1866513
8/8/2013,11.391392
8/9/2013,11.01203486
8/10/2013,10.65552621
8/11/2013,10.04807112
8/12/2013,9.880105
8/13/2013,10.20787637
8/14/2013,9.958893261
8/15/2013,10.36582232
8/16/2013,10.26478177
8/17/2013,9.922317005
8/18/2013,10.30239709
8/19/2013,10.19321329
8/20/2013,10.55109146
8/21/2013,10.92476502
8/22/2013,11.39535444
8/23/2013,11.30842938
8/24/2013,11.09041671
8/25/2013,10.69088585
8/26/2013,10.67133511
8/27/2013,11.27544685
8/28/2013,11.69017548
8/29/2013,11.94668083
8/30/2013,11.96303685
8/31/2013,11.51384463
9/1/2013,11.19711693
9/2/2013,10.93939707
9/3/2013,11.69387471
9/4/2013,13.28454613
9/5/2013,14.24159237
9/6/2013,14.3564331
9/7/2013,13.91340883
9/8/2013,13.40151303
9/9/2013,13.8126713
9/10/2013,15.0283244
9/11/2013,15.53534695
9/12/2013,15.74465479
9/13/2013,15.22358549
9/14/2013,14.90429224
9/15/2013,14.45310095
9/16/2013,15.35189079
9/17/2013,16.09503163
9/18/2013,16.53055431
9/19/2013,17.20429107
9/20/2013,16.96835276
9/21/2013,17.05336096
9/22/2013,17.01510053
9/23/2013,16.80909271
9/24/2013,17.91218856
9/25/2013,18.77562983
9/26/2013,19.62517907
9/27/2013,20.2900218
9/28/2013,20.02515674
10/13/2013,19.56883716
10/14/2013,20.29926147
10/15/2013,20.88827528
10/16/2013,21.23635738
10/17/2013,20.21767794
10/18/2013,19.64373933
10/19/2013,18.82851848
10/20/2013,18.06264095
10/21/2013,19.7960013
10/22/2013,19.7978889
10/23/2013,20.43654574
10/24/2013,21.53747189
10/25/2013,21.44597975
10/26/2013,21.31469227
10/27/2013,20.87017653
10/28/2013,21.10523259
10/29/2013,21.55844145
10/30/2013,22.55706654
10/31/2013,22.99907086
11/1/2013,22.50128721
11/2/2013,21.86626602
11/3/2013,20.56958325
11/4/2013,20.95824167
11/5/2013,21.57414396
11/6/2013,22.47261494
11/7/2013,23.24739966
11/8/2013,23.08557128
11/9/2013,22.48175102
11/10/2013,21.85248435
11/11/2013,21.81057758
11/12/2013,22.26253866
11/13/2013,22.83271663
11/14/2013,14.13918557
11/15/2013,13.98750162
11/16/2013,13.04488448
11/17/2013,12.146013
11/18/2013,22.94551502
11/19/2013,24.0625802
11/20/2013,24.50126682
11/21/2013,24.85576802
11/22/2013,24.89588718
11/23/2013,24.09392771
11/24/2013,23.79846666
11/25/2013,24.07264225
11/26/2013,24.20711746
11/27/2013,24.21474873
11/28/2013,24.03804701
11/29/2013,22.82219807
11/30/2013,22.82097037
12/8/2013,22.28294212
12/9/2013,24.4154596
12/10/2013,26.10364621
12/11/2013,26.40606506
12/12/2013,28.61184525
12/13/2013,28.93262034
12/14/2013,28.26368635
12/15/2013,28.46640215
12/16/2013,28.99195872
12/17/2013,30.94447741
12/18/2013,33.19266682
12/19/2013,35.79706977
12/20/2013,38.02309408
12/21/2013,38.91763235
12/22/2013,39.95001744
12/23/2013,41.85629306
12/24/2013,41.25161598
12/25/2013,39.17844321
12/26/2013,41.36886747
12/27/2013,43.88863461
12/28/2013,46.55966046
12/29/2013,49.61528315
12/30/2013,52.10538176
12/31/2013,52.16505225
1/1/2014,51.08811117
1/2/2014,51.64094358
1/3/2014,51.70558684
1/4/2014,51.79694356
1/5/2014,53.75349183
1/6/2014,54.50545427
1/7/2014,53.3434166
1/8/2014,53.67385617
1/9/2014,53.52498271
1/10/2014,54.59847654
1/11/2014,55.12345463
1/12/2014,54.44140279
1/13/2014,54.20463859
1/14/2014,51.87665237
1/15/2014,51.04619209
1/16/2014,50.63308928
1/17/2014,50.4241695
1/18/2014,49.63296395
1/19/2014,49.54175124
1/20/2014,49.38405566
1/21/2014,46.88719513
1/22/2014,46.11487956
1/23/2014,45.460018
1/24/2014,44.55344674
1/25/2014,43.77542079
1/26/2014,43.26927854
1/27/2014,42.92810538
1/28/2014,41.99323484
1/29/2014,41.88203904
1/30/2014,41.79075075
1/31/2014,40.4116098
2/1/2014,39.41541272
2/2/2014,38.08075029
2/3/2014,37.10285686
2/4/2014,36.67338316
2/5/2014,36.39807818
2/6/2014,36.73816115
2/7/2014,36.00258102
2/8/2014,34.52589335
2/9/2014,33.72810241
2/10/2014,32.67367431
2/11/2014,31.9132485
2/12/2014,32.0987227
2/13/2014,31.98089823
2/14/2014,31.02623678
2/15/2014,30.19182621
2/16/2014,29.65630705
2/17/2014,29.39188638
2/18/2014,30.16066166
2/19/2014,29.82023954
2/20/2014,29.87749448
2/21/2014,29.9559535
2/22/2014,28.87618517
2/23/2014,28.8401031
2/24/2014,28.64470756
2/25/2014,27.54876181
2/26/2014,27.17357808
2/27/2014,26.93356214
2/28/2014,25.48818062
3/1/2014,24.77492645
3/2/2014,24.48831365
3/3/2014,24.28659822
3/4/2014,24.64762789
3/5/2014,24.55222364
3/6/2014,24.35678645
3/7/2014,24.48718539
3/8/2014,24.20552173
3/9/2014,23.8313164
3/10/2014,23.92165433
3/11/2014,23.30081356
3/12/2014,23.59086435
3/13/2014,23.67462179
3/14/2014,23.69813617
3/15/2014,23.37142504
3/16/2014,23.10033869
3/17/2014,23.35957797
3/18/2014,23.15291848
3/19/2014,23.45769937
3/20/2014,22.83429665
3/21/2014,22.33617443
3/22/2014,21.86439026
3/23/2014,21.09184291
3/24/2014,21.29115557
3/25/2014,21.14486662
3/26/2014,21.63620679
3/27/2014,22.06692424
3/28/2014,22.54149916
3/29/2014,22.96403614
3/30/2014,22.67468768
3/31/2014,22.5085157
4/1/2014,21.94303531
4/2/2014,21.90585137
4/3/2014,21.66196234
4/4/2014,21.24175027
4/5/2014,21.26783706
4/6/2014,20.82571395
4/7/2014,20.51747224
4/8/2014,20.18158064
4/9/2014,19.57436956
4/10/2014,19.75790411
4/11/2014,20.15149397
4/12/2014,20.39687796
4/13/2014,20.59813453
4/14/2014,21.08700682
4/15/2014,20.95360014
4/16/2014,20.9381166
4/17/2014,20.81681433
4/18/2014,20.6334002
4/19/2014,20.33550973
4/20/2014,20.411706
4/21/2014,20.58278818
4/22/2014,19.95900162
4/23/2014,20.23553421
4/24/2014,20.16076215
4/25/2014,20.00631613
4/26/2014,19.83852199
4/27/2014,19.54148483
4/28/2014,19.33122008
4/29/2014,19.1269103
4/30/2014,19.09400886
5/1/2014,18.70466893
5/2/2014,18.30899738
5/3/2014,18.02086571
5/4/2014,18.17558169
5/5/2014,18.50373603
5/6/2014,18.56521369
5/7/2014,18.30673764
5/8/2014,17.93324087
5/9/2014,17.43593383
5/10/2014,17.23341254
5/11/2014,17.28845526
5/12/2014,17.20748654
5/13/2014,16.61577586
5/14/2014,16.5928492
5/15/2014,16.12596695
5/16/2014,16.12843205
5/17/2014,16.26066214
5/18/2014,15.89570547
5/19/2014,16.07665578
5/20/2014,16.11397238
5/21/2014,16.8412741
5/22/2014,16.98805487
5/23/2014,16.84767026
5/24/2014,16.49484669
5/25/2014,15.83732863
5/26/2014,15.79781167
5/27/2014,16.69089154
5/28/2014,16.54589432
5/29/2014,16.40854669
5/30/2014,15.92677785
5/31/2014,14.93038904
6/1/2014,14.45014561
6/2/2014,14.68490553
6/3/2014,12.94372847
6/4/2014,12.91183806
6/5/2014,12.96093333
6/6/2014,12.29648204
6/7/2014,14.05471419
6/15/2014,14.82358469
6/16/2014,15.0749059
6/17/2014,14.98558267
6/18/2014,14.65721954
6/19/2014,14.23300203
6/20/2014,13.76404093
6/21/2014,13.44669771
6/22/2014,12.77658539
6/23/2014,13.59866163
6/24/2014,13.98076435
6/25/2014,14.15167431
6/26/2014,14.62744662
6/27/2014,14.35081359
6/28/2014,14.20424958
7/13/2014,13.65240287
7/14/2014,12.8579564
7/15/2014,12.72495128
7/16/2014,12.86567853
7/17/2014,13.35754228
7/18/2014,13.4413234
7/19/2014,13.1130928
7/20/2014,12.75538566
7/21/2014,12.61377197
7/22/2014,12.03626933
7/23/2014,12.34492088
7/24/2014,12.56987294
7/25/2014,12.11902158
7/26/2014,12.16148504
8/3/2014,12.23594064
8/4/2014,12.06213604
8/5/2014,12.49654482
8/6/2014,12.84707726
8/7/2014,12.98887274
8/8/2014,12.80923408
8/9/2014,12.45317481
8/10/2014,12.14759735
8/11/2014,12.11835258
8/12/2014,12.36644169
8/13/2014,12.82611179
8/14/2014,13.39840968
8/15/2014,13.16709674
8/16/2014,12.32466283
8/17/2014,12.1269887
8/18/2014,12.22273679
8/19/2014,12.61178727
8/20/2014,13.38847739
8/21/2014,13.26246766
8/22/2014,12.98267517
8/23/2014,12.24117063
8/24/2014,11.52254252
8/25/2014,11.85473287
8/26/2014,12.2669823
8/27/2014,12.74770696
8/28/2014,13.52525291
8/29/2014,13.78520542
8/30/2014,13.90882594
8/31/2014,13.85454968
9/1/2014,13.48434856
9/2/2014,14.33857393
9/3/2014,14.4886556
9/4/2014,15.35894383
9/5/2014,15.42136969
9/6/2014,14.98780335
9/7/2014,15.44039298
9/8/2014,16.05046576
9/9/2014,17.55998622
9/10/2014,17.86027218
9/11/2014,18.35755917
9/12/2014,18.22103096
9/13/2014,17.21134874
9/14/2014,17.12152622
9/15/2014,16.8804863
9/16/2014,17.17764076
9/17/2014,18.24399307
9/18/2014,18.99149079
9/19/2014,19.48074971
9/20/2014,20.14012214
9/21/2014,19.95202521
9/22/2014,19.96143699
9/23/2014,20.223203
9/24/2014,20.40165956
9/25/2014,20.5240729
9/26/2014,20.40495468
9/27/2014,19.47147723
9/28/2014,18.42886366
9/29/2014,18.53527086
9/30/2014,17.49298863
10/1/2014,18.63066039
10/2/2014,19.70375206
10/3/2014,20.34362519
10/4/2014,21.82778289
10/5/2014,22.15552994
10/6/2014,22.90023083
10/7/2014,23.07238793
10/8/2014,24.51462978
10/9/2014,25.03043023
10/10/2014,25.0251847
10/11/2014,24.73099421
10/19/2014,23.96623057
10/20/2014,24.99003701
10/21/2014,25.72964651
10/22/2014,26.37394827
10/23/2014,26.50922669
10/24/2014,25.56858924
10/25/2014,24.49259146
10/26/2014,23.57058795
10/27/2014,24.13522325
10/28/2014,23.99231549
10/29/2014,24.40312262
10/30/2014,25.07957583
10/31/2014,24.31366067
11/1/2014,23.94390833
11/2/2014,23.03319359
11/3/2014,22.62724906
11/4/2014,23.37141786
11/5/2014,23.99744645
11/6/2014,24.65501452
11/7/2014,24.17378127
11/8/2014,23.11902694
11/9/2014,22.13972984
11/10/2014,22.44436634
11/11/2014,22.87890613
11/12/2014,23.27247663
11/13/2014,23.64726441
11/14/2014,22.73823789
11/15/2014,21.9103805
11/16/2014,21.6570795
11/17/2014,22.1649792
11/18/2014,22.64880388
11/19/2014,23.84287891
11/20/2014,23.47537795
11/21/2014,23.01012419
11/22/2014,22.55461464
11/23/2014,22.02006068
11/24/2014,23.32161872
11/25/2014,24.47620623
11/26/2014,25.18513879
11/27/2014,24.95427931
11/28/2014,23.78626415
11/29/2014,22.55692761
11/30/2014,22.88807365
12/1/2014,25.08600518
12/2/2014,26.36704041
12/3/2014,26.97800953
12/4/2014,28.93722607
12/5/2014,30.02370103
12/6/2014,30.39281249
12/7/2014,30.98822492
12/8/2014,31.71997542
12/9/2014,32.71346126
12/10/2014,33.95427028
12/11/2014,34.21639726
12/12/2014,33.45360644
12/13/2014,32.42454652
12/14/2014,31.99175767
12/15/2014,35.08301416
12/16/2014,38.39798352
12/17/2014,41.83389558
12/18/2014,44.21860684
12/19/2014,45.40429343
12/20/2014,45.52343612
12/21/2014,45.18145318
12/22/2014,66.7771406
12/23/2014,82.55974525
12/24/2014,82.8597104
12/25/2014,83.05491577
12/26/2014,79.511581
12/27/2014,45.79568401
12/28/2014,44.16306635
12/29/2014,45.21558387
12/30/2014,46.71335249
12/31/2014,37.28408474
1/1/2015,22.59341717
1/2/2015,18.22951237
1/3/2015,16.83505538
1/4/2015,16.80433687
1/5/2015,29.72432996
1/6/2015,49.30177425
1/7/2015,49.99283492
1/8/2015,49.81826403
1/9/2015,48.40622502
1/10/2015,46.01464511
1/11/2015,44.39711547
1/12/2015,44.62767907
1/13/2015,44.76283979
1/14/2015,45.03790455
1/15/2015,46.62808304
1/16/2015,47.49968246
1/17/2015,47.55354572
1/18/2015,47.76129086
1/19/2015,46.53623722
1/20/2015,44.83053868
1/21/2015,43.74808426
1/22/2015,43.80280396
1/23/2015,42.67431291
1/24/2015,41.48846816
1/25/2015,41.31585962
1/26/2015,41.08541598
1/27/2015,41.10980446
1/28/2015,41.39682839
1/29/2015,41.46174833
1/30/2015,40.98453178
1/31/2015,40.1682302
2/1/2015,39.05937969
2/2/2015,38.95478292
2/3/2015,38.32527607
2/4/2015,38.61866189
2/5/2015,38.66252615
2/6/2015,37.99243208
2/7/2015,37.2642287
2/8/2015,36.57958302
2/9/2015,36.80951156
2/10/2015,36.7392579
2/11/2015,37.02955389
2/12/2015,37.26879577
2/13/2015,36.70237398
2/14/2015,36.2250586
2/15/2015,35.67146825
2/16/2015,35.22709359
2/17/2015,35.04168515
2/18/2015,35.92994718
2/19/2015,35.66502117
2/20/2015,34.98581032
2/21/2015,34.26951185
2/22/2015,32.04512488
2/23/2015,32.56415789
2/24/2015,33.08259991
2/25/2015,33.46330428
2/26/2015,34.17570263
2/27/2015,33.07419958
2/28/2015,32.41631966
3/1/2015,31.89894207
3/2/2015,32.09958524
3/3/2015,32.76572243
3/4/2015,32.88512623
3/5/2015,32.65459059
3/6/2015,32.28682159
3/7/2015,31.74605332
3/8/2015,31.33936348
3/9/2015,32.35371037
3/10/2015,32.39685018
3/11/2015,32.68424106
3/12/2015,32.77040875
3/13/2015,32.21355915
3/14/2015,31.85284649
3/22/2015,31.14776826
3/23/2015,30.89212876
3/24/2015,30.67156327
3/25/2015,30.43302162
3/26/2015,30.39025778
3/27/2015,29.47773852
3/28/2015,28.44079992
3/29/2015,27.47383022
3/30/2015,27.59810615
3/31/2015,27.80933487
4/1/2015,28.13850182
4/2/2015,28.20866398
4/3/2015,27.72025781
4/4/2015,27.69061542
4/5/2015,27.18356424
4/6/2015,27.81361597
4/7/2015,27.888791
4/8/2015,28.00048177
4/9/2015,28.28494719
4/10/2015,27.25978434
4/11/2015,26.45007272
4/12/2015,25.80857675
4/13/2015,25.16489632
4/14/2015,24.52389672
4/15/2015,24.45322508
4/16/2015,23.95774656
4/17/2015,22.78759899
4/18/2015,22.43696455
4/19/2015,20.86207036
4/20/2015,21.49165765
4/21/2015,22.39933105
4/22/2015,22.91537478
4/23/2015,23.43508017
4/24/2015,22.15406634
4/25/2015,20.95820203
4/26/2015,20.0590355
4/27/2015,19.70207505
4/28/2015,19.92978691
4/29/2015,19.97245664
4/30/2015,19.42040921
5/1/2015,19.27373281
5/2/2015,18.53868393
5/3/2015,17.88299083
5/4/2015,18.43169272
5/5/2015,18.02805603
5/6/2015,17.90616963
5/7/2015,17.97082794
5/8/2015,17.68003909
5/9/2015,17.0920045
5/10/2015,17.13296832
5/11/2015,17.22429589
5/12/2015,16.71781664
5/13/2015,16.92979397
5/14/2015,16.69161189
5/15/2015,16.22657986
5/16/2015,15.68022157
5/17/2015,15.03768189
5/18/2015,15.1521159
5/19/2015,15.22781641
5/20/2015,16.07550635
5/21/2015,16.2486879
5/22/2015,16.26447904
5/23/2015,16.12015751
5/24/2015,15.5974228
5/25/2015,15.77352077
5/26/2015,15.92367637
5/27/2015,15.65293557
5/28/2015,15.19810646
5/29/2015,14.80993554
5/30/2015,14.17856767
5/31/2015,14.0783932
6/1/2015,12.77415215
6/2/2015,11.76070293
6/3/2015,11.85747207
6/4/2015,11.82914529
6/5/2015,12.16948546
6/6/2015,12.00972424
6/7/2015,11.6068022
6/8/2015,11.74177552
6/9/2015,12.03153588
6/10/2015,12.59941524
6/11/2015,12.99637441
6/12/2015,12.92516429
6/13/2015,12.86555335
6/14/2015,12.53679033
6/15/2015,12.18225383
6/16/2015,12.41940143
6/17/2015,12.95603159
6/18/2015,12.98410413
6/19/2015,12.83218437
6/20/2015,12.43137314
6/21/2015,11.68722589
6/22/2015,11.9215253
6/23/2015,12.49929942
6/24/2015,12.51625071
6/25/2015,12.41023804
6/26/2015,12.29269055
6/27/2015,12.02099853
6/28/2015,11.85534795
6/29/2015,12.35631404
6/30/2015,12.39682704
7/1/2015,12.09439267
7/2/2015,12.32302913
7/3/2015,12.06293928
7/4/2015,12.06459893
7/5/2015,12.11820189
7/6/2015,11.88307716
7/7/2015,11.8372699
7/8/2015,11.88559048
7/9/2015,11.97844094
7/10/2015,11.72585945
7/11/2015,11.34800433
7/12/2015,11.17973598
7/13/2015,11.12333469
7/14/2015,11.33782917
7/15/2015,11.59966033
7/16/2015,11.57154672
7/17/2015,11.32442278
7/18/2015,10.86331941
7/19/2015,10.11813893
7/20/2015,10.12282895
7/21/2015,10.32497696
7/22/2015,10.71311309
7/23/2015,11.18071829
7/24/2015,10.89567928
7/25/2015,10.39897891
7/26/2015,9.907205239
7/27/2015,9.704387979
7/28/2015,8.928167661
7/29/2015,6.4950815
7/30/2015,5.49468963
7/31/2015,4.927467088
8/1/2015,4.304754953
8/2/2015,4.545411141
8/3/2015,5.481096413
8/4/2015,6.090680482
8/5/2015,6.795929216
8/6/2015,7.285540703
8/7/2015,7.205985692
8/8/2015,6.650272664
8/9/2015,6.369830855
8/10/2015,6.78519534
8/11/2015,6.911639232
8/12/2015,7.604201438
8/13/2015,8.206141383
8/14/2015,8.044277375
8/15/2015,7.783784836
8/16/2015,7.320305189
8/17/2015,7.597769422
8/18/2015,8.270699806
8/19/2015,8.790218271
8/20/2015,9.216874292
8/21/2015,9.369026759
8/22/2015,8.653448155
8/23/2015,8.335318179
8/24/2015,8.843175206
8/25/2015,9.469085134
8/26/2015,10.35912142
8/27/2015,10.80783579
8/28/2015,10.92686105
8/29/2015,10.28453895
8/30/2015,9.527559733
8/31/2015,10.43416151
9/1/2015,11.19097463
9/2/2015,11.71123323
9/3/2015,12.81455396
9/4/2015,12.66217008
9/5/2015,12.00328023
9/6/2015,12.1327565
9/7/2015,11.57366928
9/8/2015,12.45232317
9/9/2015,13.72959485
9/10/2015,14.48465517
9/11/2015,15.03585846
9/12/2015,14.18128265
9/13/2015,13.59839065
9/14/2015,13.98071492
9/15/2015,14.6435749
9/16/2015,15.78341173
9/17/2015,16.95854033
9/18/2015,16.68057258
9/19/2015,16.1292566
9/20/2015,16.02176919
9/21/2015,16.54694792
9/22/2015,17.95369831
9/23/2015,18.93376346
9/24/2015,19.33779597
9/25/2015,19.02390764
9/26/2015,17.93442676
9/27/2015,17.08324407
9/28/2015,17.26291848
9/29/2015,17.56604699
9/30/2015,18.90216153
10/1/2015,19.86329571
10/2/2015,19.84416866
10/3/2015,19.31885598
10/4/2015,18.56344408
10/5/2015,19.38762283
10/6/2015,19.95021198
10/7/2015,21.267808
10/8/2015,21.91846145
10/9/2015,20.93388044
10/10/2015,20.1317341
10/11/2015,18.89087298
10/12/2015,18.86705404
10/13/2015,19.68467026
10/14/2015,21.29043862
10/15/2015,22.02330509
10/16/2015,22.25886478
10/17/2015,21.95637357
10/18/2015,20.6925272
10/19/2015,21.30282942
10/20/2015,22.0269342
10/21/2015,22.6978247
10/22/2015,23.48822252
10/23/2015,22.93911929
10/24/2015,21.37212199
10/25/2015,19.90983998
10/26/2015,19.91231628
10/27/2015,20.32904667
10/28/2015,21.42572575
10/29/2015,22.50091342
10/30/2015,22.01500916
10/31/2015,21.31439915
11/1/2015,20.08586182
11/2/2015,20.31913056
11/3/2015,20.79920692
11/4/2015,21.47842602
11/5/2015,22.13370492
11/6/2015,21.66150356
11/7/2015,21.09562274
11/8/2015,20.34820574
11/9/2015,21.43131949
11/10/2015,22.31613335
11/11/2015,22.5075333
11/12/2015,23.15092576
11/13/2015,22.79572071
11/14/2015,21.35809311
11/15/2015,20.59026291
11/16/2015,21.16938295
11/17/2015,21.47797611
11/18/2015,22.9240269
11/19/2015,24.12503607
11/20/2015,23.83032908
11/21/2015,22.85469646
11/22/2015,22.13774739
11/23/2015,22.20464485
11/24/2015,22.87764044
11/25/2015,23.35201032
11/26/2015,22.87216623
11/27/2015,21.26688579
11/28/2015,19.54433013
11/29/2015,19.4318498
11/30/2015,21.90747019
12/1/2015,23.30691644
12/2/2015,24.95135846
12/3/2015,25.6874985
12/4/2015,25.23055299
12/5/2015,24.5844092
12/6/2015,22.84463628
12/7/2015,23.29607718
12/8/2015,23.85781871
12/9/2015,24.44596497
12/10/2015,24.92704475
12/11/2015,23.92681719
12/12/2015,23.01703419
12/13/2015,21.83913138
12/14/2015,22.49300884
12/15/2015,23.07219251
12/16/2015,24.03936427
12/17/2015,25.18510284
12/18/2015,25.6504382
12/19/2015,25.84610272
12/20/2015,25.66786929
12/21/2015,26.80529914
12/22/2015,25.80250433
12/23/2015,26.12052281
12/24/2015,25.9453519
12/25/2015,22.47694054
12/26/2015,22.55225039
12/27/2015,21.89624008
12/28/2015,24.47254223
12/29/2015,28.7005366
12/30/2015,30.08996331
12/31/2015,31.4699899
1/1/2016,30.53984661
1/2/2016,28.30706223
1/3/2016,26.63476324
1/4/2016,26.50523542
1/5/2016,27.15832771
1/6/2016,27.16316286
1/7/2016,27.27703694
1/8/2016,26.14035505
1/9/2016,24.48894646
1/10/2016,23.17653898
1/11/2016,22.99904568
1/12/2016,23.02512131
1/13/2016,24.30379328
1/14/2016,24.84133164
1/15/2016,24.80709571
1/16/2016,24.26425333
1/17/2016,22.59558626
1/18/2016,21.77023691
1/19/2016,20.83139004
1/20/2016,21.75980722
1/21/2016,22.63359635
1/22/2016,22.84175498
1/23/2016,22.41141592
1/24/2016,21.50080816
1/25/2016,21.89112395
1/26/2016,23.17720387
1/27/2016,24.81849301
1/28/2016,25.4464089
1/29/2016,25.2073327
1/30/2016,24.10537458
1/31/2016,22.42409843
2/1/2016,22.5398424
2/2/2016,23.06374766
2/3/2016,24.7463997
2/4/2016,26.69574514
2/5/2016,27.22726714
2/6/2016,26.64765674
2/7/2016,25.86697793
2/8/2016,26.24084119
2/9/2016,26.23896008
2/10/2016,28.05455452
2/11/2016,28.95455447
2/12/2016,28.51865324
2/13/2016,27.9121934
2/14/2016,26.6791382
2/15/2016,26.63983992
2/16/2016,30.77931672
2/17/2016,33.35352467
2/18/2016,34.2236805
2/19/2016,35.16985141
2/20/2016,32.66615926
2/21/2016,30.64864656
2/22/2016,31.64767949
2/23/2016,32.35834342
2/24/2016,33.37309881
2/25/2016,34.89005968
2/26/2016,34.83199958
2/27/2016,34.11350941
2/28/2016,32.56679334
2/29/2016,31.79125082
3/1/2016,32.18844242
3/2/2016,33.25724189
3/3/2016,34.73596263
3/4/2016,34.58431673
3/5/2016,33.27989367
3/6/2016,31.8828779
3/7/2016,32.61258627
3/8/2016,33.55321106
3/9/2016,35.17348582
3/10/2016,36.30602634
3/11/2016,35.48307807
3/12/2016,34.17407289
3/13/2016,32.18005143
3/14/2016,31.67766251
3/15/2016,32.05589251
3/16/2016,32.81872731
3/17/2016,33.58871378
3/18/2016,32.83797015
3/19/2016,30.7414628
3/20/2016,28.55207775
3/21/2016,27.87625356
3/22/2016,27.99945087
3/23/2016,29.11775259
3/24/2016,30.05464283
3/25/2016,29.48821863
3/26/2016,27.94104925
3/27/2016,25.90159457
3/28/2016,25.71161289
3/29/2016,26.17992136
3/30/2016,27.57518314
3/31/2016,28.00308027
4/1/2016,27.25985174
4/2/2016,25.70794825
4/3/2016,23.46809127
4/4/2016,23.4736754
4/5/2016,23.31015896
4/6/2016,24.37118118
4/7/2016,24.68192135
4/8/2016,23.67204752
4/9/2016,22.47257369
4/10/2016,20.57755276
4/11/2016,20.61525902
4/12/2016,21.24379041
4/13/2016,22.87065772
4/14/2016,23.8663672
4/15/2016,24.04435604
4/16/2016,22.94356482
4/17/2016,20.25626637
4/18/2016,19.25006493
4/19/2016,18.62651674
4/20/2016,19.50039858
4/21/2016,22.23917699
4/22/2016,22.57492923
4/23/2016,21.98908313
4/24/2016,21.02012315
4/25/2016,19.42931793
4/26/2016,19.10678305
4/27/2016,19.28002444
4/28/2016,19.71317968
4/29/2016,18.71411694
4/30/2016,17.35261732
5/1/2016,16.51930438
5/2/2016,15.97545772
5/3/2016,16.69531916
5/4/2016,17.27802312
5/5/2016,17.37019296
5/6/2016,16.83319561
5/7/2016,15.19891617
5/8/2016,13.91139174
5/9/2016,13.87350801
5/10/2016,14.72143253
5/11/2016,15.14649287
5/12/2016,15.49265496
5/13/2016,15.17641273
5/14/2016,13.89432756
5/15/2016,12.84438221
5/16/2016,12.86724874
5/17/2016,13.24937455
5/18/2016,14.50965463
5/19/2016,15.18336026
5/20/2016,14.70582937
5/21/2016,14.10733891
5/22/2016,12.76318604
5/23/2016,12.30029582
5/24/2016,12.62568482
5/25/2016,13.11201945
5/26/2016,13.04087367
5/27/2016,13.20483693
5/28/2016,12.57828999
5/29/2016,11.75835685
5/30/2016,11.41771936
5/31/2016,11.3177768
6/1/2016,11.69546949
6/2/2016,11.82449597
6/3/2016,11.8677074
6/4/2016,10.8674358
6/5/2016,10.39200615
6/6/2016,10.15685627
6/7/2016,10.77114838
6/8/2016,11.94398381
6/9/2016,12.21426856
6/10/2016,12.15021467
6/11/2016,11.34609638
6/12/2016,10.18931818
6/13/2016,10.21880474
6/14/2016,10.37205268
6/15/2016,10.9808598
6/16/2016,11.30713431
6/17/2016,11.18433968
6/18/2016,10.85150926
6/19/2016,10.38015939
6/20/2016,10.04220767
6/21/2016,10.03816927
6/22/2016,10.76883915
6/23/2016,11.16953415
6/24/2016,11.26366467
6/25/2016,10.8269952
6/26/2016,9.839672917
6/27/2016,9.269450325
6/28/2016,9.234273179
6/29/2016,9.79120492
6/30/2016,9.77923012
7/1/2016,9.530150954
7/2/2016,9.491924259
7/3/2016,8.688414352
7/4/2016,8.465418964
7/5/2016,8.928684885
7/6/2016,8.897375664
7/7/2016,9.67714987
7/8/2016,10.03689128
7/9/2016,9.711103105
7/10/2016,9.773151234
7/11/2016,9.541229273
7/12/2016,9.45832461
7/13/2016,10.25487745
7/14/2016,10.25233887
7/15/2016,9.783939184
7/16/2016,9.310510427
7/17/2016,8.320392416
7/18/2016,8.395413677
7/19/2016,8.58966966
7/20/2016,8.936471822
7/21/2016,8.855191498
7/22/2016,8.553316878
7/23/2016,8.08750086
7/24/2016,7.575464821
7/25/2016,8.25463164
7/26/2016,8.652045716
7/27/2016,8.679549472
7/28/2016,8.660386164
7/29/2016,7.945250134
7/30/2016,7.151946074
7/31/2016,7.069771135
8/1/2016,7.143431451
8/2/2016,7.79352119
8/3/2016,8.559477229
8/4/2016,8.754567361
8/5/2016,8.953187783
8/6/2016,8.374685994
8/7/2016,7.9713219
8/8/2016,8.210003537
8/9/2016,8.764477075
8/10/2016,9.494961896
8/11/2016,9.667912762
8/12/2016,9.621710353
8/13/2016,8.897840692
8/14/2016,8.40622263
8/15/2016,8.814610852
8/16/2016,8.922976117
8/17/2016,9.790907955
8/18/2016,10.76231044
8/19/2016,10.92926321
8/20/2016,10.99771254
8/21/2016,10.86544507
8/22/2016,10.25497123
8/23/2016,10.5581067
8/24/2016,11.24558646
8/25/2016,11.60380337
8/26/2016,11.60324924
8/27/2016,10.92511077
8/28/2016,10.23669698
8/29/2016,10.52812042
8/30/2016,11.20924562
8/31/2016,12.60442093
9/1/2016,13.22899215
9/2/2016,13.42776935
9/3/2016,13.17400139
9/4/2016,12.46485297
9/5/2016,12.85969544
9/6/2016,14.28047824
9/7/2016,15.13565847
9/8/2016,15.45596776
9/9/2016,15.10869345
9/10/2016,13.78847899
9/11/2016,13.10659639
9/12/2016,13.51633027
9/13/2016,13.57979155
9/14/2016,13.87676398
9/15/2016,14.39115856
9/16/2016,14.08508365
9/17/2016,13.73951282
9/18/2016,13.64523549
9/19/2016,14.12741769
9/20/2016,14.58317028
9/21/2016,15.61485326
9/22/2016,16.11905984
9/23/2016,15.75216421
9/24/2016,14.78492905
9/25/2016,14.05579375
9/26/2016,14.59891504
9/27/2016,15.65110677
9/28/2016,17.20721039
9/29/2016,18.26812139
9/30/2016,18.17536538
10/1/2016,17.62956145
10/2/2016,16.46116403
10/3/2016,16.62676191
10/4/2016,16.99838177
10/5/2016,17.43936843
10/6/2016,18.27547527
10/7/2016,17.79617989
10/8/2016,17.16134373
10/9/2016,16.58835107
10/10/2016,16.67899625
10/11/2016,17.37460432
10/12/2016,18.03127002
10/13/2016,18.97819854
10/14/2016,19.19051953
10/15/2016,19.1834065
10/16/2016,18.65857188
10/17/2016,18.94782921
10/18/2016,19.29099021
10/19/2016,19.5720528
10/20/2016,20.39144938
10/21/2016,20.08132449
10/22/2016,19.03006977
10/23/2016,17.90913252
10/24/2016,18.34746849
10/25/2016,19.25944571
10/26/2016,20.12115563
10/27/2016,20.86250564
10/28/2016,20.32565527
10/29/2016,19.08556759
10/30/2016,18.10772992
10/31/2016,17.97856374
11/1/2016,18.98039721
11/2/2016,20.116201
11/3/2016,21.08659098
11/4/2016,21.47520579
11/5/2016,20.96270043
11/6/2016,19.88292806
11/7/2016,20.03731791
11/8/2016,19.69824149
11/9/2016,19.93837239
11/10/2016,20.78435097
11/11/2016,20.51417825
11/12/2016,20.17149344
11/13/2016,19.81442561
11/14/2016,20.21832644
11/15/2016,20.79389602
11/16/2016,21.8582066
11/17/2016,22.52005035
11/18/2016,22.38935535
11/19/2016,21.29213289
11/20/2016,19.97392899
11/21/2016,20.12885236
11/22/2016,20.59056413
11/23/2016,21.602531
11/24/2016,20.78689041
11/25/2016,19.13581307
11/26/2016,17.14655143
11/27/2016,15.38534562
11/28/2016,17.20082017
11/29/2016,18.12356755
11/30/2016,18.56190817
12/1/2016,18.90225766
12/2/2016,18.77970558
12/3/2016,17.81832897
12/4/2016,17.38368619
12/5/2016,18.1161985
12/6/2016,18.46784797
12/7/2016,20.02675415
12/8/2016,20.2742448
12/9/2016,19.48109019
12/10/2016,18.52713312
12/11/2016,28.15284761
12/12/2016,70.21672047
12/13/2016,73.80591156
12/14/2016,74.83078337
12/15/2016,74.83501999
12/16/2016,61.89784022
12/17/2016,58.59708379
12/18/2016,53.33913125
12/19/2016,45.78040188
12/20/2016,36.2928643
12/21/2016,24.10442074
12/22/2016,23.3099881
12/23/2016,22.72138812
12/24/2016,21.90650127
12/25/2016,19.38149648
12/26/2016,19.55504853
12/27/2016,21.41402729
12/28/2016,23.45880518
12/29/2016,25.93528423
12/30/2016,27.50022235
12/31/2016,27.14143015
1/1/2017,26.25451257
1/2/2017,25.04070994
1/3/2017,26.03891813
1/4/2017,27.96907825
1/5/2017,29.11527012
1/6/2017,30.03308635
1/7/2017,28.67187343
1/8/2017,26.83539583
1/9/2017,26.86166839
1/10/2017,27.05327311
1/11/2017,28.656246
1/12/2017,29.16918871
1/13/2017,28.67009313
1/14/2017,27.45464161
1/15/2017,25.23375053
1/16/2017,25.07144165
1/17/2017,26.25040208
1/18/2017,27.69720278
1/19/2017,29.24962376
1/20/2017,29.71696795
1/21/2017,28.30524032
1/22/2017,26.6033486
1/23/2017,27.37859868
1/24/2017,28.22897181
1/25/2017,30.00329248
1/26/2017,31.39058746
1/27/2017,30.54313764
1/28/2017,29.29595975
1/29/2017,26.96876672
1/30/2017,28.08535517
1/31/2017,29.90423278
2/1/2017,32.08407889
2/2/2017,33.94573144
2/3/2017,34.48002729
2/4/2017,33.82241114
2/5/2017,32.58497099
2/6/2017,34.1524658
2/7/2017,35.60458726
2/8/2017,38.02878029
2/9/2017,39.4574895
2/10/2017,39.89627002
2/11/2017,39.23611857
2/12/2017,37.63574145
2/13/2017,38.90709052
2/14/2017,39.54438429
2/15/2017,40.68666912
2/16/2017,41.91772537
2/17/2017,40.83830469
2/18/2017,39.21060288
2/19/2017,37.21936786
2/20/2017,36.36962757
2/21/2017,37.39992864
2/22/2017,38.61244065
2/23/2017,39.46481137
2/24/2017,38.5987104
2/25/2017,36.51452274
2/26/2017,34.22639815
2/27/2017,33.32284008
2/28/2017,32.55168855
3/1/2017,32.33391233
3/2/2017,31.92581595
3/3/2017,29.97970115
3/4/2017,27.76104999
3/5/2017,25.70353941
3/6/2017,26.14580813
3/7/2017,27.13774353
3/8/2017,28.77399501
3/9/2017,29.83766745
3/10/2017,29.29697799
3/11/2017,27.6472127
3/12/2017,25.60239962
3/13/2017,25.27521245
3/14/2017,24.59220198
3/15/2017,26.452172
3/16/2017,28.03976661
3/17/2017,27.91335161
3/18/2017,27.47380724
3/19/2017,25.43547421
3/20/2017,25.90185003
3/21/2017,26.61570509
3/22/2017,28.42777248
3/23/2017,29.67058929
3/24/2017,29.1784983
3/25/2017,28.07621628
3/26/2017,26.79290278
3/27/2017,26.63173709
3/28/2017,26.91826424
3/29/2017,28.50550423
3/30/2017,29.50752374
3/31/2017,29.76742068
4/1/2017,29.06987116
4/2/2017,27.49923498
4/3/2017,27.05571722
4/4/2017,26.55048433
4/5/2017,26.91181518
4/6/2017,27.28308745
4/7/2017,26.49997143
4/8/2017,25.27715549
4/9/2017,23.8890608
4/10/2017,23.71322176
4/11/2017,23.04501933
4/12/2017,23.08659877
4/13/2017,23.33322827
4/14/2017,22.57784265
4/15/2017,22.10551205
4/16/2017,21.49602199
4/17/2017,21.48064008
4/18/2017,21.20472871
4/19/2017,21.42700102
4/20/2017,21.51827412
4/21/2017,21.01833967
4/22/2017,20.1466851
4/23/2017,18.60266771
4/24/2017,18.29309634
4/25/2017,18.07939608
4/26/2017,18.08976015
4/27/2017,17.95671066
4/28/2017,17.51686427
4/29/2017,16.66226028
4/30/2017,16.20337082
5/1/2017,16.51544309
5/2/2017,16.12521513
5/3/2017,16.33145924
5/4/2017,16.87147062
5/5/2017,16.65161827
5/6/2017,16.06319064
5/7/2017,15.38243263
,
,
,
,
,
,
,
,
,
,
,
,
,
,
,
,
,
,
,
,
,
,
,
,
,
,
,
